Series Name,Series Code,Country Name,Country Code,2000 [YR2000],2019 [YR2019]
CO2 emissions (metric tons per capita),EN.ATM.CO2E.PC,Afghanistan,AFG,0.0388886404336861,0.160976451493467
CO2 emissions (metric tons per capita),EN.ATM.CO2E.PC,Africa Eastern and Southern,AFE,0.886253682477178,0.903764110583573
CO2 emissions (metric tons per capita),EN.ATM.CO2E.PC,Africa Western and Central,AFW,0.525718638722687,0.485883896346851
CO2 emissions (metric tons per capita),EN.ATM.CO2E.PC,Albania,ALB,1.026213108529,1.69224831964856
CO2 emissions (metric tons per capita),EN.ATM.CO2E.PC,Algeria,DZA,2.60116932065548,4.01003452306043
CO2 emissions (metric tons per capita),EN.ATM.CO2E.PC,American Samoa,ASM,..,..
CO2 emissions (metric tons per capita),EN.ATM.CO2E.PC,Andorra,AND,7.86722544139674,6.54938894201171
CO2 emissions (metric tons per capita),EN.ATM.CO2E.PC,Angola,AGO,0.988162665238182,0.77920257513549
CO2 emissions (metric tons per capita),EN.ATM.CO2E.PC,Antigua and Barbuda,ATG,4.3967756978216,5.64499474501464
CO2 emissions (metric tons per capita),EN.ATM.CO2E.PC,Arab World,ARB,3.27169287663677,4.27260846110939
CO2 emissions (metric tons per capita),EN.ATM.CO2E.PC,Argentina,ARG,3.56803987960974,3.74065029063396
CO2 emissions (metric tons per capita),EN.ATM.CO2E.PC,Armenia,ARM,1.12355188837196,2.1874763175712
CO2 emissions (metric tons per capita),EN.ATM.CO2E.PC,Aruba,ABW,..,..
CO2 emissions (metric tons per capita),EN.ATM.CO2E.PC,Australia,AUS,17.8387478097675,15.2536183403361
CO2 emissions (metric tons per capita),EN.ATM.CO2E.PC,Austria,AUT,7.92978551259517,7.2939842524557
CO2 emissions (metric tons per capita),EN.ATM.CO2E.PC,Azerbaijan,AZE,3.44034987451234,3.54239782750878
CO2 emissions (metric tons per capita),EN.ATM.CO2E.PC,"Bahamas, The",BHS,6.86124290030583,7.02002416017844
CO2 emissions (metric tons per capita),EN.ATM.CO2E.PC,Bahrain,BHR,22.3208638230523,22.2595806695899
CO2 emissions (metric tons per capita),EN.ATM.CO2E.PC,Bangladesh,BGD,0.167578314629207,0.548224196802713
CO2 emissions (metric tons per capita),EN.ATM.CO2E.PC,Barbados,BRB,4.68530966496257,4.46141766007567
CO2 emissions (metric tons per capita),EN.ATM.CO2E.PC,Belarus,BLR,5.30481652088609,6.12223776544422
CO2 emissions (metric tons per capita),EN.ATM.CO2E.PC,Belgium,BEL,11.4395805389587,8.09558395403513
CO2 emissions (metric tons per capita),EN.ATM.CO2E.PC,Belize,BLZ,1.87183348169347,1.64484248241402
CO2 emissions (metric tons per capita),EN.ATM.CO2E.PC,Benin,BEN,0.202914451695858,0.593957402249655
CO2 emissions (metric tons per capita),EN.ATM.CO2E.PC,Bermuda,BMU,..,..
CO2 emissions (metric tons per capita),EN.ATM.CO2E.PC,Bhutan,BTN,0.35762516455015,1.36815120067167
CO2 emissions (metric tons per capita),EN.ATM.CO2E.PC,Bolivia,BOL,0.955467087242873,1.89686699834282
CO2 emissions (metric tons per capita),EN.ATM.CO2E.PC,Bosnia and Herzegovina,BIH,3.34023233277902,6.26950657013477
CO2 emissions (metric tons per capita),EN.ATM.CO2E.PC,Botswana,BWA,2.33354661447552,2.90034572120997
CO2 emissions (metric tons per capita),EN.ATM.CO2E.PC,Brazil,BRA,1.78349556716035,2.05068507848387
CO2 emissions (metric tons per capita),EN.ATM.CO2E.PC,British Virgin Islands,VGB,..,..
CO2 emissions (metric tons per capita),EN.ATM.CO2E.PC,Brunei Darussalam,BRN,14.1348682043327,15.9571548577283
CO2 emissions (metric tons per capita),EN.ATM.CO2E.PC,Bulgaria,BGR,5.31445360024244,5.61085727989368
CO2 emissions (metric tons per capita),EN.ATM.CO2E.PC,Burkina Faso,BFA,0.0791053488007293,0.238644814374665
CO2 emissions (metric tons per capita),EN.ATM.CO2E.PC,Burundi,BDI,0.0412197298554028,0.0606324085103501
CO2 emissions (metric tons per capita),EN.ATM.CO2E.PC,Cabo Verde,CPV,0.480086240946555,1.12645785515162
CO2 emissions (metric tons per capita),EN.ATM.CO2E.PC,Cambodia,KHM,0.161731637538606,0.99828812132025
CO2 emissions (metric tons per capita),EN.ATM.CO2E.PC,Cameroon,CMR,0.34522529561821,0.36575423097444
CO2 emissions (metric tons per capita),EN.ATM.CO2E.PC,Canada,CAN,16.7576264276587,15.4306128276297
CO2 emissions (metric tons per capita),EN.ATM.CO2E.PC,Caribbean small states,CSS,4.3648411664229,5.10230069373955
CO2 emissions (metric tons per capita),EN.ATM.CO2E.PC,Cayman Islands,CYM,..,..
CO2 emissions (metric tons per capita),EN.ATM.CO2E.PC,Central African Republic,CAF,0.0638438804310526,0.0460712358524027
CO2 emissions (metric tons per capita),EN.ATM.CO2E.PC,Central Europe and the Baltics,CEB,6.53789051590376,6.26542158494275
CO2 emissions (metric tons per capita),EN.ATM.CO2E.PC,Chad,TCD,0.0351126273846771,0.139518738482728
CO2 emissions (metric tons per capita),EN.ATM.CO2E.PC,Channel Islands,CHI,..,..
CO2 emissions (metric tons per capita),EN.ATM.CO2E.PC,Chile,CHL,3.28430563740445,4.79897448626273
CO2 emissions (metric tons per capita),EN.ATM.CO2E.PC,China,CHN,2.65041242787957,7.60593696057347
CO2 emissions (metric tons per capita),EN.ATM.CO2E.PC,Colombia,COL,1.48769091321501,1.61474774997391
CO2 emissions (metric tons per capita),EN.ATM.CO2E.PC,Comoros,COM,0.186303697383178,0.404558352293774
CO2 emissions (metric tons per capita),EN.ATM.CO2E.PC,"Congo, Dem. Rep.",COD,0.0335278379890439,0.035703604452862
CO2 emissions (metric tons per capita),EN.ATM.CO2E.PC,"Congo, Rep.",COG,1.38798926621634,1.30323966861845
CO2 emissions (metric tons per capita),EN.ATM.CO2E.PC,Costa Rica,CRI,1.24397082524019,1.62060141840353
CO2 emissions (metric tons per capita),EN.ATM.CO2E.PC,Cote d'Ivoire,CIV,0.38631711218137,0.414187926192633
CO2 emissions (metric tons per capita),EN.ATM.CO2E.PC,Croatia,HRV,4.03732782609591,4.06370783264011
CO2 emissions (metric tons per capita),EN.ATM.CO2E.PC,Cuba,CUB,2.5527222689496,2.28953729585692
CO2 emissions (metric tons per capita),EN.ATM.CO2E.PC,Curacao,CUW,..,..
CO2 emissions (metric tons per capita),EN.ATM.CO2E.PC,Cyprus,CYP,7.51921724210298,5.85106560779507
CO2 emissions (metric tons per capita),EN.ATM.CO2E.PC,Czechia,CZE,12.0106526893106,9.02278615795801
CO2 emissions (metric tons per capita),EN.ATM.CO2E.PC,Denmark,DNK,9.85089564493027,5.10798850907958
CO2 emissions (metric tons per capita),EN.ATM.CO2E.PC,Djibouti,DJI,0.498630114833168,0.391063625017438
CO2 emissions (metric tons per capita),EN.ATM.CO2E.PC,Dominica,DMA,1.90208644251309,2.38001906518647
CO2 emissions (metric tons per capita),EN.ATM.CO2E.PC,Dominican Republic,DOM,2.18598019785287,2.50232446393338
CO2 emissions (metric tons per capita),EN.ATM.CO2E.PC,Early-demographic dividend,EAR,1.55006467164001,2.23438682573138
CO2 emissions (metric tons per capita),EN.ATM.CO2E.PC,East Asia & Pacific,EAS,3.15066399836903,6.48971014758405
CO2 emissions (metric tons per capita),EN.ATM.CO2E.PC,East Asia & Pacific (excluding high income),EAP,2.27695559615347,5.93030012315822
CO2 emissions (metric tons per capita),EN.ATM.CO2E.PC,East Asia & Pacific (IDA & IBRD countries),TEA,2.26665207198431,5.97680917722675
CO2 emissions (metric tons per capita),EN.ATM.CO2E.PC,Ecuador,ECU,1.74632620090418,2.26537072831623
CO2 emissions (metric tons per capita),EN.ATM.CO2E.PC,"Egypt, Arab Rep.",EGY,1.60582595505977,2.36104083450537
CO2 emissions (metric tons per capita),EN.ATM.CO2E.PC,El Salvador,SLV,0.944871529359323,1.2419953308516
CO2 emissions (metric tons per capita),EN.ATM.CO2E.PC,Equatorial Guinea,GNQ,3.24098473379398,3.44487644137984
CO2 emissions (metric tons per capita),EN.ATM.CO2E.PC,Eritrea,ERI,0.267460131724115,0.251513509771479
CO2 emissions (metric tons per capita),EN.ATM.CO2E.PC,Estonia,EST,10.6801433086254,7.67202927819305
CO2 emissions (metric tons per capita),EN.ATM.CO2E.PC,Eswatini,SWZ,0.669580473868894,0.820784292361942
CO2 emissions (metric tons per capita),EN.ATM.CO2E.PC,Ethiopia,ETH,0.0531090682585344,0.160882448704671
CO2 emissions (metric tons per capita),EN.ATM.CO2E.PC,Euro area,EMU,8.19249388240158,6.11138351460838
CO2 emissions (metric tons per capita),EN.ATM.CO2E.PC,Europe & Central Asia,ECS,7.55416566294078,6.57407724965249
CO2 emissions (metric tons per capita),EN.ATM.CO2E.PC,Europe & Central Asia (excluding high income),ECA,6.96851585367026,7.36419384809465
CO2 emissions (metric tons per capita),EN.ATM.CO2E.PC,Europe & Central Asia (IDA & IBRD countries),TEC,6.85015305051986,7.21881162974532
CO2 emissions (metric tons per capita),EN.ATM.CO2E.PC,European Union,EUU,7.83146404657326,6.09112615396335
CO2 emissions (metric tons per capita),EN.ATM.CO2E.PC,Faroe Islands,FRO,..,..
CO2 emissions (metric tons per capita),EN.ATM.CO2E.PC,Fiji,FJI,0.972962454459952,1.7747001739115
CO2 emissions (metric tons per capita),EN.ATM.CO2E.PC,Finland,FIN,10.6448561099446,7.37285476082008
CO2 emissions (metric tons per capita),EN.ATM.CO2E.PC,Fragile and conflict affected situations,FCS,0.867449435390383,0.761341719929743
CO2 emissions (metric tons per capita),EN.ATM.CO2E.PC,France,FRA,6.12461463449353,4.45954746474334
CO2 emissions (metric tons per capita),EN.ATM.CO2E.PC,French Polynesia,PYF,..,..
CO2 emissions (metric tons per capita),EN.ATM.CO2E.PC,Gabon,GAB,4.77636328642075,2.34083962573318
CO2 emissions (metric tons per capita),EN.ATM.CO2E.PC,"Gambia, The",GMB,0.166951992258993,0.231178569630668
CO2 emissions (metric tons per capita),EN.ATM.CO2E.PC,Georgia,GEO,1.16994033304301,2.71762422558518
CO2 emissions (metric tons per capita),EN.ATM.CO2E.PC,Germany,DEU,10.0993160227641,7.91162101567715
CO2 emissions (metric tons per capita),EN.ATM.CO2E.PC,Ghana,GHA,0.291881692112411,0.635740643066456
CO2 emissions (metric tons per capita),EN.ATM.CO2E.PC,Gibraltar,GIB,..,..
CO2 emissions (metric tons per capita),EN.ATM.CO2E.PC,Greece,GRC,8.74159526062281,5.59618906985928
CO2 emissions (metric tons per capita),EN.ATM.CO2E.PC,Greenland,GRL,..,..
CO2 emissions (metric tons per capita),EN.ATM.CO2E.PC,Grenada,GRD,1.95472484920694,2.68896070135444
CO2 emissions (metric tons per capita),EN.ATM.CO2E.PC,Guam,GUM,..,..
CO2 emissions (metric tons per capita),EN.ATM.CO2E.PC,Guatemala,GTM,0.812786389641685,1.16297092439764
CO2 emissions (metric tons per capita),EN.ATM.CO2E.PC,Guinea,GIN,0.178722070028585,0.306735630750854
CO2 emissions (metric tons per capita),EN.ATM.CO2E.PC,Guinea-Bissau,GNB,0.121867101488485,0.167473846479787
CO2 emissions (metric tons per capita),EN.ATM.CO2E.PC,Guyana,GUY,2.18694132541819,3.56806159680473
CO2 emissions (metric tons per capita),EN.ATM.CO2E.PC,Haiti,HTI,0.175832588237757,0.297479358179563
CO2 emissions (metric tons per capita),EN.ATM.CO2E.PC,Heavily indebted poor countries (HIPC),HPC,0.167681167546858,0.280603324442368
CO2 emissions (metric tons per capita),EN.ATM.CO2E.PC,High income,HIC,11.9218351075298,9.81136028763659
CO2 emissions (metric tons per capita),EN.ATM.CO2E.PC,Honduras,HND,0.749617867645126,1.02622509805408
CO2 emissions (metric tons per capita),EN.ATM.CO2E.PC,"Hong Kong SAR, China",HKG,..,..
CO2 emissions (metric tons per capita),EN.ATM.CO2E.PC,Hungary,HUN,5.35012781840238,4.74663102989868
CO2 emissions (metric tons per capita),EN.ATM.CO2E.PC,IBRD only,IBD,2.53016637760657,4.43246348199086
CO2 emissions (metric tons per capita),EN.ATM.CO2E.PC,Iceland,ISL,7.93015771412315,4.54844225751086
CO2 emissions (metric tons per capita),EN.ATM.CO2E.PC,IDA & IBRD total,IBT,2.08978154326956,3.42377200706546
CO2 emissions (metric tons per capita),EN.ATM.CO2E.PC,IDA blend,IDB,0.959527124374007,0.850055507385363
CO2 emissions (metric tons per capita),EN.ATM.CO2E.PC,IDA only,IDX,0.233947852907531,0.38318074498158
CO2 emissions (metric tons per capita),EN.ATM.CO2E.PC,IDA total,IDA,0.48037461230375,0.540054104563691
CO2 emissions (metric tons per capita),EN.ATM.CO2E.PC,India,IND,0.885079459181967,1.77592267295201
CO2 emissions (metric tons per capita),EN.ATM.CO2E.PC,Indonesia,IDN,1.31100493323238,2.2992559151159
CO2 emissions (metric tons per capita),EN.ATM.CO2E.PC,"Iran, Islamic Rep.",IRN,5.19419032444016,7.27795087587852
CO2 emissions (metric tons per capita),EN.ATM.CO2E.PC,Iraq,IRQ,3.55802124483401,4.19983672120634
CO2 emissions (metric tons per capita),EN.ATM.CO2E.PC,Ireland,IRL,11.1768870490548,7.24514322077522
CO2 emissions (metric tons per capita),EN.ATM.CO2E.PC,Isle of Man,IMN,..,..
CO2 emissions (metric tons per capita),EN.ATM.CO2E.PC,Israel,ISR,9.06344410876133,6.91959371834315
CO2 emissions (metric tons per capita),EN.ATM.CO2E.PC,Italy,ITA,7.66216803916005,5.31131544170879
CO2 emissions (metric tons per capita),EN.ATM.CO2E.PC,Jamaica,JAM,3.85115257033809,2.98176162161011
CO2 emissions (metric tons per capita),EN.ATM.CO2E.PC,Japan,JPN,9.32341556096907,8.54098020491546
CO2 emissions (metric tons per capita),EN.ATM.CO2E.PC,Jordan,JOR,3.21784811994207,2.30215243883444
CO2 emissions (metric tons per capita),EN.ATM.CO2E.PC,Kazakhstan,KAZ,8.07262961324075,11.4569378323984
CO2 emissions (metric tons per capita),EN.ATM.CO2E.PC,Kenya,KEN,0.269678019354973,0.43727903105104
CO2 emissions (metric tons per capita),EN.ATM.CO2E.PC,Kiribati,KIR,0.337738950307342,0.724398576768367
CO2 emissions (metric tons per capita),EN.ATM.CO2E.PC,"Korea, Dem. People's Rep.",PRK,3.07355752386297,2.17585095574668
CO2 emissions (metric tons per capita),EN.ATM.CO2E.PC,"Korea, Rep.",KOR,9.7144937391762,11.7993253802233
CO2 emissions (metric tons per capita),EN.ATM.CO2E.PC,Kosovo,XKX,..,..
CO2 emissions (metric tons per capita),EN.ATM.CO2E.PC,Kuwait,KWT,25.7584238159989,20.8619489599151
CO2 emissions (metric tons per capita),EN.ATM.CO2E.PC,Kyrgyz Republic,KGZ,0.953372529805651,1.55664325620875
CO2 emissions (metric tons per capita),EN.ATM.CO2E.PC,Lao PDR,LAO,0.16571982338686,2.59426810708029
CO2 emissions (metric tons per capita),EN.ATM.CO2E.PC,Late-demographic dividend,LTE,3.33363551247848,6.71122951758885
CO2 emissions (metric tons per capita),EN.ATM.CO2E.PC,Latin America & Caribbean,LCN,2.42320720363155,2.56064921746386
CO2 emissions (metric tons per capita),EN.ATM.CO2E.PC,Latin America & Caribbean (excluding high income),LAC,2.21303998804328,2.36915012107168
CO2 emissions (metric tons per capita),EN.ATM.CO2E.PC,Latin America & the Caribbean (IDA & IBRD countries),TLA,2.39995720286426,2.53844393588855
CO2 emissions (metric tons per capita),EN.ATM.CO2E.PC,Latvia,LVA,2.92707651369559,3.95543586167438
CO2 emissions (metric tons per capita),EN.ATM.CO2E.PC,Least developed countries: UN classification,LDC,0.165423220516099,0.341196526655648
CO2 emissions (metric tons per capita),EN.ATM.CO2E.PC,Lebanon,LBN,3.62677583562813,4.83404536996868
CO2 emissions (metric tons per capita),EN.ATM.CO2E.PC,Lesotho,LSO,0.195133666561595,0.345958255384824
CO2 emissions (metric tons per capita),EN.ATM.CO2E.PC,Liberia,LBR,0.148520459902239,0.23669639765075
CO2 emissions (metric tons per capita),EN.ATM.CO2E.PC,Libya,LBY,8.67542615703065,8.64655782310429
CO2 emissions (metric tons per capita),EN.ATM.CO2E.PC,Liechtenstein,LIE,6.66141827650942,3.89792645809636
CO2 emissions (metric tons per capita),EN.ATM.CO2E.PC,Lithuania,LTU,3.00325528870113,4.19807602212644
CO2 emissions (metric tons per capita),EN.ATM.CO2E.PC,Low & middle income,LMY,2.02140942661193,3.38221121464247
CO2 emissions (metric tons per capita),EN.ATM.CO2E.PC,Low income,LIC,0.398281945810288,0.289626619615037
CO2 emissions (metric tons per capita),EN.ATM.CO2E.PC,Lower middle income,LMC,1.11112177203945,1.74866268776796
CO2 emissions (metric tons per capita),EN.ATM.CO2E.PC,Luxembourg,LUX,19.6195278478111,15.3064265559542
CO2 emissions (metric tons per capita),EN.ATM.CO2E.PC,"Macao SAR, China",MAC,..,..
CO2 emissions (metric tons per capita),EN.ATM.CO2E.PC,Madagascar,MDG,0.1017486523391,0.149637883052437
CO2 emissions (metric tons per capita),EN.ATM.CO2E.PC,Malawi,MWI,0.0632269597619175,0.0768523956339848
CO2 emissions (metric tons per capita),EN.ATM.CO2E.PC,Malaysia,MYS,5.41988176150515,7.72070021517061
CO2 emissions (metric tons per capita),EN.ATM.CO2E.PC,Maldives,MDV,1.62827823735341,4.18229224332584
CO2 emissions (metric tons per capita),EN.ATM.CO2E.PC,Mali,MLI,0.125454874015279,0.283457953884067
CO2 emissions (metric tons per capita),EN.ATM.CO2E.PC,Malta,MLT,5.46032039006683,3.29324560594014
CO2 emissions (metric tons per capita),EN.ATM.CO2E.PC,Marshall Islands,MHL,1.84420182944821,4.024324967639
CO2 emissions (metric tons per capita),EN.ATM.CO2E.PC,Mauritania,MRT,0.471242518097382,0.901034695237842
CO2 emissions (metric tons per capita),EN.ATM.CO2E.PC,Mauritius,MUS,2.047396814992,3.29459100560393
CO2 emissions (metric tons per capita),EN.ATM.CO2E.PC,Mexico,MEX,3.87418682996762,3.59170861408077
CO2 emissions (metric tons per capita),EN.ATM.CO2E.PC,"Micronesia, Fed. Sts.",FSM,1.16373792621902,1.61610363850059
CO2 emissions (metric tons per capita),EN.ATM.CO2E.PC,Middle East & North Africa,MEA,4.14898226508727,5.40134383622204
CO2 emissions (metric tons per capita),EN.ATM.CO2E.PC,Middle East & North Africa (excluding high income),MNA,2.89408306360586,3.67474897546318
CO2 emissions (metric tons per capita),EN.ATM.CO2E.PC,Middle East & North Africa (IDA & IBRD countries),TMN,2.89269272711214,3.67769662415128
CO2 emissions (metric tons per capita),EN.ATM.CO2E.PC,Middle income,MIC,2.16229664996654,3.74495410674013
CO2 emissions (metric tons per capita),EN.ATM.CO2E.PC,Moldova,MDA,2.29427750431844,3.32554607145542
CO2 emissions (metric tons per capita),EN.ATM.CO2E.PC,Monaco,MCO,..,..
CO2 emissions (metric tons per capita),EN.ATM.CO2E.PC,Mongolia,MNG,3.67200208569718,7.13704541005504
CO2 emissions (metric tons per capita),EN.ATM.CO2E.PC,Montenegro,MNE,2.51260434746673,4.17987599373753
CO2 emissions (metric tons per capita),EN.ATM.CO2E.PC,Morocco,MAR,1.15148568093586,1.96890700867326
CO2 emissions (metric tons per capita),EN.ATM.CO2E.PC,Mozambique,MOZ,0.0804794775925155,0.247642484818277
CO2 emissions (metric tons per capita),EN.ATM.CO2E.PC,Myanmar,MMR,0.207297886975746,0.692304948191065
CO2 emissions (metric tons per capita),EN.ATM.CO2E.PC,Namibia,NAM,1.06643740094913,1.72481153375467
CO2 emissions (metric tons per capita),EN.ATM.CO2E.PC,Nauru,NRU,8.67302688638335,4.94559830686577
CO2 emissions (metric tons per capita),EN.ATM.CO2E.PC,Nepal,NPL,0.13111016103748,0.466487528837777
CO2 emissions (metric tons per capita),EN.ATM.CO2E.PC,Netherlands,NLD,10.1786360037507,8.43707462722941
CO2 emissions (metric tons per capita),EN.ATM.CO2E.PC,New Caledonia,NCL,..,..
CO2 emissions (metric tons per capita),EN.ATM.CO2E.PC,New Zealand,NZL,7.63408248438189,6.83041418732592
CO2 emissions (metric tons per capita),EN.ATM.CO2E.PC,Nicaragua,NIC,0.735865047425234,0.786323459138814
CO2 emissions (metric tons per capita),EN.ATM.CO2E.PC,Niger,NER,0.0576459873875742,0.0917102782590997
CO2 emissions (metric tons per capita),EN.ATM.CO2E.PC,Nigeria,NGA,0.791358811103938,0.567031242867457
CO2 emissions (metric tons per capita),EN.ATM.CO2E.PC,North America,NAC,20.1083878443228,14.7535300764971
CO2 emissions (metric tons per capita),EN.ATM.CO2E.PC,North Macedonia,MKD,4.32304389666148,3.99673721344351
CO2 emissions (metric tons per capita),EN.ATM.CO2E.PC,Northern Mariana Islands,MNP,..,..
CO2 emissions (metric tons per capita),EN.ATM.CO2E.PC,Norway,NOR,7.63532664568678,6.7222699848575
CO2 emissions (metric tons per capita),EN.ATM.CO2E.PC,Not classified,INX,..,..
CO2 emissions (metric tons per capita),EN.ATM.CO2E.PC,OECD members,OED,10.7302700019807,8.51892888208548
CO2 emissions (metric tons per capita),EN.ATM.CO2E.PC,Oman,OMN,10.7113012119426,16.5183208841499
CO2 emissions (metric tons per capita),EN.ATM.CO2E.PC,Other small states,OSS,4.5497413640965,5.96554947076575
CO2 emissions (metric tons per capita),EN.ATM.CO2E.PC,Pacific island small states,PSS,0.962827017319097,1.35248633816955
CO2 emissions (metric tons per capita),EN.ATM.CO2E.PC,Pakistan,PAK,0.637235527822116,0.853451601070211
CO2 emissions (metric tons per capita),EN.ATM.CO2E.PC,Palau,PLW,10.6458481192335,13.9540075909801
CO2 emissions (metric tons per capita),EN.ATM.CO2E.PC,Panama,PAN,1.75898506561714,3.15177774263441
CO2 emissions (metric tons per capita),EN.ATM.CO2E.PC,Papua New Guinea,PNG,0.513770408530985,0.794342262981161
CO2 emissions (metric tons per capita),EN.ATM.CO2E.PC,Paraguay,PRY,0.686987577039704,1.25726911931851
CO2 emissions (metric tons per capita),EN.ATM.CO2E.PC,Peru,PER,1.07411752316378,1.72887251525604
CO2 emissions (metric tons per capita),EN.ATM.CO2E.PC,Philippines,PHL,0.924854328708852,1.31743920046954
CO2 emissions (metric tons per capita),EN.ATM.CO2E.PC,Poland,POL,7.73080499042451,7.77364183861292
CO2 emissions (metric tons per capita),EN.ATM.CO2E.PC,Portugal,PRT,5.99228486035527,4.33976842606964
CO2 emissions (metric tons per capita),EN.ATM.CO2E.PC,Post-demographic dividend,PST,12.0498032593842,9.52330040005923
CO2 emissions (metric tons per capita),EN.ATM.CO2E.PC,Pre-demographic dividend,PRE,0.47351808014806,0.511611839900818
CO2 emissions (metric tons per capita),EN.ATM.CO2E.PC,Puerto Rico,PRI,..,..
CO2 emissions (metric tons per capita),EN.ATM.CO2E.PC,Qatar,QAT,44.369652148739,32.7617749211246
CO2 emissions (metric tons per capita),EN.ATM.CO2E.PC,Romania,ROU,3.96649801846645,3.81743447683141
CO2 emissions (metric tons per capita),EN.ATM.CO2E.PC,Russian Federation,RUS,10.6676903174515,11.7972029330523
CO2 emissions (metric tons per capita),EN.ATM.CO2E.PC,Rwanda,RWA,0.0665845539371262,0.10362268340321
CO2 emissions (metric tons per capita),EN.ATM.CO2E.PC,Samoa,WSM,0.81518194861093,1.4157288026282
CO2 emissions (metric tons per capita),EN.ATM.CO2E.PC,San Marino,SMR,..,..
CO2 emissions (metric tons per capita),EN.ATM.CO2E.PC,Sao Tome and Principe,STP,0.347913216527269,0.698978121801425
CO2 emissions (metric tons per capita),EN.ATM.CO2E.PC,Saudi Arabia,SAU,11.5865541023762,14.6195533262224
CO2 emissions (metric tons per capita),EN.ATM.CO2E.PC,Senegal,SEN,0.41837179794868,0.663717595132331
CO2 emissions (metric tons per capita),EN.ATM.CO2E.PC,Serbia,SRB,5.85257783502782,6.61604693907974
CO2 emissions (metric tons per capita),EN.ATM.CO2E.PC,Seychelles,SYC,3.57446598710727,6.24839963436737
CO2 emissions (metric tons per capita),EN.ATM.CO2E.PC,Sierra Leone,SLE,0.0719884766082171,0.111845310494787
CO2 emissions (metric tons per capita),EN.ATM.CO2E.PC,Singapore,SGP,10.4570957427554,8.30707949147546
CO2 emissions (metric tons per capita),EN.ATM.CO2E.PC,Sint Maarten (Dutch part),SXM,..,..
CO2 emissions (metric tons per capita),EN.ATM.CO2E.PC,Slovak Republic,SVK,7.06475749343072,5.69841625532024
CO2 emissions (metric tons per capita),EN.ATM.CO2E.PC,Slovenia,SVN,7.31048179292834,6.51220937780615
CO2 emissions (metric tons per capita),EN.ATM.CO2E.PC,Small states,SST,4.26735578693185,5.53430337121873
CO2 emissions (metric tons per capita),EN.ATM.CO2E.PC,Solomon Islands,SLB,0.558168092321003,0.533338885447871
CO2 emissions (metric tons per capita),EN.ATM.CO2E.PC,Somalia,SOM,0.0561832215115236,0.0431754611712322
CO2 emissions (metric tons per capita),EN.ATM.CO2E.PC,South Africa,ZAF,6.08075497231917,7.5686401152277
CO2 emissions (metric tons per capita),EN.ATM.CO2E.PC,South Asia,SAS,0.762971318413699,1.49553194920693
CO2 emissions (metric tons per capita),EN.ATM.CO2E.PC,South Asia (IDA & IBRD),TSA,0.762971318413699,1.49553194920693
CO2 emissions (metric tons per capita),EN.ATM.CO2E.PC,South Sudan,SSD,0.07523174648864,0.162715772851441
CO2 emissions (metric tons per capita),EN.ATM.CO2E.PC,Spain,ESP,7.23010706208244,5.09135092007508
CO2 emissions (metric tons per capita),EN.ATM.CO2E.PC,Sri Lanka,LKA,0.582076330710102,1.09067562659476
CO2 emissions (metric tons per capita),EN.ATM.CO2E.PC,St. Kitts and Nevis,KNA,4.17940652427355,5.23977196512408
CO2 emissions (metric tons per capita),EN.ATM.CO2E.PC,St. Lucia,LCA,2.44514106583072,3.02380417765225
CO2 emissions (metric tons per capita),EN.ATM.CO2E.PC,St. Martin (French part),MAF,..,..
CO2 emissions (metric tons per capita),EN.ATM.CO2E.PC,St. Vincent and the Grenadines,VCT,1.40581480147259,2.47798397376441
CO2 emissions (metric tons per capita),EN.ATM.CO2E.PC,Sub-Saharan Africa,SSF,0.741434360027683,0.734493260160254
CO2 emissions (metric tons per capita),EN.ATM.CO2E.PC,Sub-Saharan Africa (excluding high income),SSA,0.741091883570244,0.734013261446282
CO2 emissions (metric tons per capita),EN.ATM.CO2E.PC,Sub-Saharan Africa (IDA & IBRD countries),TSS,0.741434360027683,0.734493260160254
CO2 emissions (metric tons per capita),EN.ATM.CO2E.PC,Sudan,SDN,0.216359903939245,0.476960503374967
CO2 emissions (metric tons per capita),EN.ATM.CO2E.PC,Suriname,SUR,3.08978325587998,4.41445224207094
CO2 emissions (metric tons per capita),EN.ATM.CO2E.PC,Sweden,SWE,6.00533649890911,3.4050379189887
CO2 emissions (metric tons per capita),EN.ATM.CO2E.PC,Switzerland,CHE,6.08414239482201,4.35904146198319
CO2 emissions (metric tons per capita),EN.ATM.CO2E.PC,Syrian Arab Republic,SYR,2.722647905088,1.27921574292573
CO2 emissions (metric tons per capita),EN.ATM.CO2E.PC,Tajikistan,TJK,0.350709501262395,1.00888904890509
CO2 emissions (metric tons per capita),EN.ATM.CO2E.PC,Tanzania,TZA,0.0855972996982565,0.207941598929037
CO2 emissions (metric tons per capita),EN.ATM.CO2E.PC,Thailand,THA,2.60819502201506,3.74559494087468
CO2 emissions (metric tons per capita),EN.ATM.CO2E.PC,Timor-Leste,TLS,..,0.484209313350878
CO2 emissions (metric tons per capita),EN.ATM.CO2E.PC,Togo,TGO,0.253592476889638,0.287513388244642
CO2 emissions (metric tons per capita),EN.ATM.CO2E.PC,Tonga,TON,0.974630371431635,1.52452093285172
CO2 emissions (metric tons per capita),EN.ATM.CO2E.PC,Trinidad and Tobago,TTO,7.65649079006728,11.3095456997461
CO2 emissions (metric tons per capita),EN.ATM.CO2E.PC,Tunisia,TUN,2.09232172509197,2.48229897962756
CO2 emissions (metric tons per capita),EN.ATM.CO2E.PC,Turkiye,TUR,3.37526170561114,4.75361752810222
CO2 emissions (metric tons per capita),EN.ATM.CO2E.PC,Turkmenistan,TKM,8.42829666553735,11.8325808805801
CO2 emissions (metric tons per capita),EN.ATM.CO2E.PC,Turks and Caicos Islands,TCA,..,..
CO2 emissions (metric tons per capita),EN.ATM.CO2E.PC,Tuvalu,TUV,1.03755965968043,0.912741856195927
CO2 emissions (metric tons per capita),EN.ATM.CO2E.PC,Uganda,UGA,0.0541199949360337,0.136440643979205
CO2 emissions (metric tons per capita),EN.ATM.CO2E.PC,Ukraine,UKR,6.04719734019298,3.93658353086744
CO2 emissions (metric tons per capita),EN.ATM.CO2E.PC,United Arab Emirates,ARE,25.8691253683213,20.5022832059804
CO2 emissions (metric tons per capita),EN.ATM.CO2E.PC,United Kingdom,GBR,9.01455828494603,5.22051448799294
CO2 emissions (metric tons per capita),EN.ATM.CO2E.PC,United States,USA,20.4698066603918,14.6734106066885
CO2 emissions (metric tons per capita),EN.ATM.CO2E.PC,Upper middle income,UMC,3.360516242768,6.40867526252093
CO2 emissions (metric tons per capita),EN.ATM.CO2E.PC,Uruguay,URY,1.65845337376801,1.89300628108203
CO2 emissions (metric tons per capita),EN.ATM.CO2E.PC,Uzbekistan,UZB,5.02263654950832,3.47554445038462
CO2 emissions (metric tons per capita),EN.ATM.CO2E.PC,Vanuatu,VUT,0.468569405541614,0.689872647677064
CO2 emissions (metric tons per capita),EN.ATM.CO2E.PC,"Venezuela, RB",VEN,5.38404531997223,3.87757923272497
CO2 emissions (metric tons per capita),EN.ATM.CO2E.PC,Vietnam,VNM,0.64821847765188,3.51327550460568
CO2 emissions (metric tons per capita),EN.ATM.CO2E.PC,Virgin Islands (U.S.),VIR,..,..
CO2 emissions (metric tons per capita),EN.ATM.CO2E.PC,West Bank and Gaza,PSE,..,..
CO2 emissions (metric tons per capita),EN.ATM.CO2E.PC,World,WLD,3.81578807455953,4.43567311234666
CO2 emissions (metric tons per capita),EN.ATM.CO2E.PC,"Yemen, Rep.",YEM,0.806819584834154,0.351859419470324
CO2 emissions (metric tons per capita),EN.ATM.CO2E.PC,Zambia,ZMB,0.182992125474769,0.369957765009845
CO2 emissions (metric tons per capita),EN.ATM.CO2E.PC,Zimbabwe,ZWE,1.15761513031704,0.765893875563726
,,,,,
,,,,,
,,,,,
Data from database: World Development Indicators,,,,,
Last Updated: 12/22/2022,,,,,